ticket_id,ticket_no,cust_id,trip_id,class_id,cost_paid
1,e8mjkptzvc,1,1,2,8.00
2,3uvn6b597f,1,2,1,32.00
3,6u5bx0eelr,2,3,1,41.00
4,0qpwnevvpy,2,4,3,5.00
5,paxc3vajcq,3,5,3,94.00
6,uf03xtphx6,4,6,1,76.00
7,ey0if12gst,5,7,1,43.00
8,8fk5yiahuz,5,8,1,47.00
9,x6pmwuyn4z,6,9,2,26.00
10,yvhkaucuz7,7,10,1,13.00
11,4s0qvgf6mq,7,11,1,32.00
12,vewnsorgo9,8,12,1,61.00
13,cafmow232k,9,13,2,61.00
14,0pbxd5idan,10,14,2,95.00
15,4wdal2axn4,11,15,3,26.00
16,csjec0v5yp,11,16,1,52.00
17,pyjy6p0bsr,12,17,3,22.00
18,tpcdk8jq6a,12,18,1,42.00
19,enjkeblsg0,13,19,1,56.00
20,tzdcfomqfy,14,20,3,5.00
21,sltqzkt1ld,15,21,3,84.00
22,qrs3kzulms,16,22,3,56.00
23,mnqpesr1gb,16,23,2,5.00
24,l1fkxm0hfy,17,24,1,38.00
25,ajthrntaua,18,25,1,80.00
26,qfgcbpdgo8,19,26,2,22.00
27,ny3rit86p5,19,27,1,22.00
28,yf7snclam2,20,28,1,44.00
29,0yo7s1xcpx,21,29,2,42.00
30,zubvnhrvib,22,30,2,95.00
31,htcl9ot3cr,22,31,3,57.00
32,qyatodfjsd,23,32,3,27.00
33,wfya4rouip,24,33,1,62.00
34,o0u3stkost,25,34,1,56.00
35,zjn8fqlj4e,26,35,2,23.00
36,wsvro5lne5,27,36,3,82.00
37,fbyxzrpqzx,28,37,3,74.00
38,msx05z4vhj,29,38,1,16.00
39,kq6rfvgnl2,30,39,2,62.00
40,pv2ep3b9be,30,40,3,97.00
41,jeughcrd21,31,41,2,23.00
42,vopidxdafd,32,42,3,82.00
43,ihuru9u4oh,33,43,3,58.00
44,cjxhqqlufq,33,44,3,34.00
45,v86cuvbell,34,45,2,86.00
46,wq3ggplqms,35,46,2,58.00
47,i24yu8ptac,35,47,2,17.00
48,l2shvz8rfr,36,48,2,8.00
49,h51dmceta9,36,49,2,87.00
50,3oiuubb50p,37,50,3,59.00
51,crq7h9niik,37,51,2,9.00
52,8xwqn2jfi0,38,52,2,96.00
53,4ju93b603d,39,53,2,1.00
54,ygzp4sap6b,39,54,1,91.00
55,o3sbd2ph5x,40,55,3,10.00
56,3bbzwk36de,41,56,2,84.00
57,zk5c6issu0,41,57,3,64.00
58,ptttlmwbi8,42,58,1,78.00
59,2c2izoaucg,43,59,2,79.00
60,plixhr0y0t,44,60,2,96.00
61,eo8lkfbkwt,44,61,3,61.00
62,onkahnbwwj,45,62,3,60.00
63,4fybrjdwgl,45,63,1,6.00
64,o7jlmlfr4u,46,64,1,53.00
65,yvqnc4xlqe,47,65,3,2.00
66,a8myink4a6,48,66,2,47.00
67,fq0yc9i6mt,49,67,3,24.00
68,rrrk6brvxb,50,68,3,35.00
69,3ewigtrv2v,50,69,2,26.00
70,9yurzoz0bx,51,70,1,66.00
71,vr76qqmvh1,52,71,1,99.00
72,rfzek2ysgn,52,72,3,87.00
73,wbx32hvwpn,53,73,1,15.00
74,nnms6vupju,54,74,2,53.00
75,qyrieig4oi,54,75,2,22.00
76,88v0ftqvsi,55,76,1,73.00
77,rlfjr1inav,56,77,1,9.00
78,ygymbc9mls,57,78,2,18.00
79,5zmnsybne5,57,79,3,58.00
80,ktm33lp0d3,58,80,3,61.00
81,tpmjtqj9gd,58,81,3,49.00
82,hxdomqdmdf,59,82,2,12.00
83,mdbfqkacb0,59,83,2,65.00
84,q55qkhapwd,60,84,1,32.00
85,slzk0bqenr,60,85,1,84.00
86,1ju364jwrr,61,86,3,12.00
87,kooewty64s,61,87,3,99.00
88,6dfwljxf4l,62,88,2,75.00
89,lzqfjh8d3c,62,89,1,45.00
90,rt51huospj,63,90,3,35.00
91,2vonbstkfw,64,91,1,62.00
92,wz34bfggme,64,92,3,83.00
93,mq9a95kjfp,65,93,1,76.00
94,38bau2bvbt,65,94,3,86.00
95,kk40wzmn8g,66,95,3,38.00
96,sblbc9fsq4,67,96,2,62.00
97,jc5oflxb0r,67,97,2,32.00
98,mlpo2tk76j,68,98,2,7.00
99,yxvk0o3xzm,69,99,2,97.00
100,xmfbfn09ke,70,100,2,85.00
101,idsz2y4g08,71,101,1,74.00
102,jjbd1a8nae,71,102,1,47.00
103,jmx3gjauyf,72,103,3,42.00
104,i1hzvfrt7v,73,104,3,28.00
105,fuqbwramt1,74,105,2,54.00
106,mirami9thd,74,106,1,35.00
107,b3kmglt0w5,75,107,3,76.00
108,ywebg3fmei,76,108,1,28.00
109,dqoueonyhh,77,109,2,48.00
110,msji0uedxi,78,110,2,95.00
111,9nn6f3ejlo,78,111,1,18.00
112,ydnvv0q9xl,79,112,2,76.00
113,nqmmoc8b54,80,113,3,29.00
114,s93uudekcq,80,114,2,78.00
115,qhf6irgutq,81,115,2,46.00
116,oigkaqmjzp,81,116,1,29.00
117,iae3x50mrs,82,117,2,36.00
118,ycc6qlfymq,82,118,2,73.00
119,bfapsy3m0y,83,119,3,2.00
120,xvodcc7eo9,83,120,3,35.00
121,nqs4es5v2y,84,121,1,22.00
122,hlhuvko8o3,85,122,1,58.00
123,d0a9t0h0cl,85,123,1,78.00
124,tmy0ovlgqg,86,124,2,56.00
125,wc6j1jtbwx,87,125,1,75.00
126,2vwy1nnllk,87,126,2,69.00
127,f1jq4k07go,88,127,2,0.00
128,gveokqerf0,89,128,3,69.00
129,lcdrvsy5ag,89,129,3,11.00
130,gyisnqnsk4,90,130,1,99.00
131,5q5dscswrd,91,131,3,8.00
132,cllk8why85,91,132,1,37.00
133,zbe3yh79ko,92,133,3,63.00
134,sujnieafwo,93,134,3,20.00
135,zalgci60pc,93,135,1,22.00
136,zrgrzfidbw,94,136,3,2.00
137,4axjybrpka,94,137,1,50.00
138,hsvfrvqj4t,95,138,2,88.00
139,z38qfy89n3,95,139,3,25.00
140,wvl5j6cjs8,96,140,3,22.00
141,tomqwajlci,96,141,1,78.00
142,lckjxmmclu,97,142,1,63.00
143,5tsd8w9pqu,97,143,3,87.00
144,gu6dkwa3fv,98,144,1,11.00
145,uh3uimsxfm,99,145,3,92.00
146,9mu4u3kuas,99,146,2,12.00
147,0plfvm4jfe,100,147,2,23.00
148,f1m4m3gvm1,100,148,2,29.00
149,0ter3shbd3,101,149,2,67.00
150,4ld1e2lr8e,102,150,3,31.00
151,86nx7lebgr,103,151,3,53.00
152,bmwws4ucug,104,152,3,53.00
153,o80wevubb6,104,153,3,57.00
154,en4vdpj5f0,105,154,2,50.00
155,cj1avnijje,106,155,2,68.00
156,kok32im1ie,107,156,1,33.00
157,2amxc9y0gj,108,157,3,57.00
158,itsl8uazts,109,158,1,36.00
159,m6jvsamr6t,109,159,2,93.00
160,erxv5icmgp,110,160,2,14.00
161,zx2p7d50i4,111,161,2,37.00
162,qynwkredp1,111,162,3,10.00
163,qkkwa1mqpj,112,163,1,62.00
164,81nkl0diqs,113,164,3,88.00
165,6mjabkdsf6,113,165,3,48.00
166,giii4o5ev5,114,166,1,20.00
167,piskj2qg8m,115,167,3,96.00
168,0795zldqul,116,168,2,81.00
169,ltbdydi5em,116,169,3,2.00
170,zvvcy7xn3o,117,170,1,69.00
171,26hivb95kz,117,171,2,1.00
172,kcwlmbllg7,118,172,3,62.00
173,zatrbk30r7,119,173,1,79.00
174,ulgel2gvd1,119,174,3,38.00
175,tpcfdtpfqz,120,175,3,6.00
176,zcmubuqadl,120,176,1,61.00
177,f723cgplvc,121,177,2,46.00
178,xixzaer6um,122,178,1,11.00
179,r98k0ffqsf,123,179,2,87.00
180,hlxkhmsiym,124,180,2,41.00
181,bbnyfj2nmw,125,181,2,30.00
182,rxfz5bcnjx,125,182,1,7.00
183,6a8p29hafm,126,183,1,87.00
184,zbyhryahs9,127,184,2,75.00
185,p1gpjhcy26,128,185,3,89.00
186,32hjnd6xoc,128,186,3,9.00
187,0wkoa1azxn,129,187,2,38.00
188,ekrqirjf1a,129,188,2,98.00
189,sre1djke1f,130,189,2,96.00
190,6tgqahvee4,130,190,2,36.00
191,70zbn6axu1,131,191,3,11.00
192,f25nqwe6pw,131,192,3,36.00
193,u62dwgu0vw,132,193,2,99.00
194,ze9bnimbyr,132,194,2,26.00
195,slt7zcjd49,133,195,2,43.00
196,etrmp1w1w4,134,196,2,13.00
197,kl2ce2htch,135,197,1,81.00
198,v9wxo0urpw,135,198,2,74.00
199,qu396htyxe,136,199,3,59.00
200,hbmtfiyalu,137,200,1,85.00
201,y4yi33g1p9,137,201,3,99.00
202,jb2npbcpke,138,202,2,64.00
203,cqpq9uqiv9,138,203,3,64.00
204,bdswnlvm8w,139,204,3,58.00
205,zmfifwx05n,139,205,1,47.00
206,s7zt5qbelk,140,206,3,51.00
207,ut7nxyzzsb,141,207,1,15.00
208,um6fq0t1x6,141,208,2,6.00
209,7zfdo8isht,142,209,3,80.00
210,imynfry9sm,143,210,1,28.00
211,i3z0apf9cd,143,211,3,10.00
212,awzgpxlh1o,144,212,1,5.00
213,rb7i3w9ngr,144,213,2,24.00
214,wtfxk8xh4d,145,214,2,48.00
215,rsnyimlbpu,145,215,2,9.00
216,tfgm4ru5al,146,216,2,23.00
217,14gvphcrla,146,217,3,24.00
218,nvzrcw6idf,147,218,2,46.00
219,1hpik6nphb,147,219,3,41.00
220,qzs87axejp,148,220,2,33.00
221,jxfntrggtc,148,221,2,47.00
222,1lopir60dg,149,222,3,45.00
223,1e5xt0hdzs,149,223,3,41.00
224,prqeu41jsl,150,224,3,91.00
225,ysfuyiut4u,150,225,3,85.00
226,2h1adtvn7h,151,226,3,9.00
227,1woipdasw5,152,227,1,72.00
228,xr7npd3jy8,152,228,1,25.00
229,izbbsfi9if,153,229,1,57.00
230,ed88mglump,153,230,1,72.00
231,8ccokdtma2,154,231,1,41.00
232,mj0jpcjagk,155,232,2,90.00
233,jslji0mq2s,155,233,1,16.00
234,uj8xluqz2k,156,234,1,50.00
235,puojgsdhla,156,235,2,13.00
236,lcrhvw26ew,157,236,2,35.00
237,c2hutgya1x,158,237,3,18.00
238,eedely0pmz,158,238,2,60.00
239,1w1txufq2r,159,239,2,93.00
240,t9funnu2cq,160,240,1,5.00
241,adw4gqbf5s,160,241,3,96.00
242,9r0dldfaag,161,242,2,22.00
243,3wsntmnjkm,161,243,1,24.00
244,srztmkuerq,162,244,1,30.00
245,dewzc13deb,163,245,2,28.00
246,3lbri670i8,164,246,2,13.00
247,9ic8akpspl,164,247,2,66.00
248,h3jmhd7qst,165,248,2,52.00
249,gnamhsj2ay,165,249,3,64.00
250,us0tm7gk0m,166,250,3,98.00
251,yqmoy0pocw,166,251,2,44.00
252,nl1lz8lztr,167,252,3,71.00
253,qywoubriy9,168,253,1,40.00
254,vppol64ear,168,254,3,37.00
255,fvbkxoxrfh,169,255,2,38.00
256,quytxk0shu,170,256,2,66.00
257,blwagswcct,171,257,1,54.00
258,cypg2c8ydw,172,258,3,15.00
259,xogmbrh8ao,173,259,1,48.00
260,cnmndyvywf,174,260,3,6.00
261,d3zo6xvqvq,175,261,2,63.00
262,ktmwdgjkft,175,262,2,19.00
263,scxbooogie,176,263,1,58.00
264,tvsdxyhhny,176,264,2,46.00
265,5ku3uuhojd,177,265,2,66.00
266,pjsx8ckkjq,177,266,2,12.00
267,x96kh7w3dp,178,267,1,90.00
268,5t4ikryqx2,179,268,1,36.00
269,qe1bkjxqh6,179,269,2,27.00
270,p2l2busbls,180,270,1,56.00
271,u87bpemxau,181,271,2,44.00
272,dxl78mlfkw,181,272,2,25.00
273,5gvjdp1bq8,182,273,3,29.00
274,k6zqvjnzbd,182,274,1,81.00
275,3bg5ubpoii,183,275,1,15.00
276,u4quaqbyli,184,276,3,63.00
277,94wsvt8wke,184,277,3,66.00
278,yt9myucq1r,185,278,3,62.00
279,ezdjtl7oii,186,279,3,69.00
280,d9yviwf1ny,187,280,3,79.00
281,7qppx6svdf,187,281,1,65.00
282,39cojhh1ar,188,282,3,56.00
283,dwthkojj65,188,283,1,44.00
284,l3efhsfh7s,189,284,1,21.00
285,0lwuvwxrj2,190,285,1,56.00
286,o2sgb7wr2b,190,286,3,16.00
287,0mvsloldru,191,287,2,5.00
288,wabq4y1o1m,191,288,2,37.00
289,8hj6p0gfih,192,289,3,31.00
290,gu4sofvdx3,192,290,2,79.00
291,ibfjq2v5y3,193,291,2,20.00
292,bbgqdwgwno,194,292,1,56.00
293,dzy61vp8pw,194,293,2,69.00
294,feqnqn3zxu,195,294,3,9.00
295,cblod7sc08,195,295,3,49.00
296,tw3w8vx0tf,196,296,1,98.00
297,k680rtpsyq,197,297,3,3.00
298,sb3ou5olje,197,298,1,87.00
299,ig2ldxpfag,198,299,1,85.00
300,i4x3jna0nx,199,300,2,86.00
301,gfre2vtnlf,200,301,1,16.00
302,vdzglprnfs,200,302,1,58.00
303,te0n0zq4vo,201,303,1,98.00
304,nz188aozy7,202,304,2,60.00
305,p21fl9keqv,202,305,3,6.00
306,koveekujjx,203,306,1,32.00
307,oaxgshpr7o,204,307,1,56.00
308,ycfcvonnl6,205,308,1,41.00
309,q5m0yypnxs,205,309,2,93.00
310,r2mgolgmt6,206,310,1,45.00
311,z6qbjhrwiq,206,311,3,18.00
312,kylr5gr6hu,207,312,1,25.00
313,6k3scwofbu,207,313,1,19.00
314,u0oudplnb6,208,314,2,3.00
315,cwitvvrv71,209,315,1,17.00
316,flw0rscp0a,210,316,2,81.00
317,ajzj4ilngu,211,317,3,94.00
318,vq7pdzzxkl,212,318,2,86.00
319,tqf0xhcw8u,213,319,2,84.00
320,i9eahehq9k,214,320,3,53.00
321,4xryeaqzyn,214,321,3,97.00
322,86afjjo7rd,215,322,1,17.00
323,crruuuf3um,216,323,3,95.00
324,51xrkidyq9,216,324,1,93.00
325,cpn6xqwao9,217,325,2,85.00
326,wkdvlctmee,217,326,2,74.00
327,rcr8bne6pg,218,327,3,74.00
328,zzutfanfol,219,328,2,12.00
329,0equcw2xvy,220,329,3,43.00
330,s3xyn8hbst,221,330,3,4.00
331,nu96odj1kl,221,331,2,2.00
332,wz5qkhtj21,222,332,3,84.00
333,tk27gsmcwm,223,333,1,99.00
334,0hv93dadvx,224,334,1,50.00
335,gxzqxidjvh,224,335,2,47.00
336,3bbmnws6pn,225,336,3,5.00
337,fddupja0um,225,337,3,14.00
338,yly5cm48xb,226,338,1,74.00
339,ouj4v1eaz6,226,339,3,46.00
340,ktrwjkaycl,227,340,2,29.00
341,ow60sqhju2,228,341,1,94.00
342,jhqhrcfqjj,229,342,3,15.00
343,qfyvglnolc,229,343,1,73.00
344,scubel4dlr,230,344,2,36.00
345,4ppywwxqoi,230,345,3,51.00
346,j2mw5tliyx,231,346,2,41.00
347,ppujx5wbyu,231,347,1,54.00
348,tliceaxd0g,232,348,2,85.00
349,7hmmyxtyxj,232,349,1,78.00
350,5z1f8snugd,233,350,2,8.00
351,nbugauodqb,234,351,1,46.00
352,y2lqvnwebx,235,352,2,93.00
353,sahibeonnz,235,353,1,85.00
354,aufm91husa,236,354,1,97.00
355,5kn6pb7oba,237,355,2,46.00
356,cjh6oe1ryw,238,356,3,42.00
357,y4cwd8bjen,239,357,3,86.00
358,idlvineixn,240,358,3,19.00
359,zl5hml4mon,240,359,3,31.00
360,ycl9nl1ziv,241,360,1,27.00
361,yjmek1rb0h,242,361,3,60.00
362,yd53zola7v,243,362,1,78.00
363,pv0xo5uuu6,243,363,3,85.00
364,eugy5toyni,244,364,3,87.00
365,5gf16jd1rg,245,365,2,80.00
366,ifzceeqetk,246,366,2,61.00
367,3qq4xvwg7d,247,367,2,9.00
368,4kdoe6vquh,248,368,1,81.00
369,qe99q8vfds,249,369,1,87.00
370,kzuk08jwlq,249,370,3,41.00
371,s5nwfe3s3o,250,371,1,80.00
372,86gyjtm4fd,251,372,3,22.00
373,wt99li2hhn,252,373,1,81.00
374,qos5tdtq0d,253,374,2,66.00
375,q4uuoe2nvb,254,375,3,79.00
376,ab6did1fzy,255,376,1,80.00
377,kun9edrir5,255,377,3,19.00
378,pd7bn1qaff,256,378,3,38.00
379,zicvzfsy94,257,379,1,15.00
380,30hmgywm9r,257,380,1,91.00
381,n5nupclo9b,258,381,1,72.00
382,4xsto3vmct,258,382,2,40.00
383,djrcsbov4x,259,383,3,67.00
384,atv6qow5po,260,384,3,40.00
385,ffrivx5zz7,261,385,2,42.00
386,6kizlkwc9n,261,386,3,40.00
387,enc5zs8daf,262,387,2,35.00
388,fnyitxzsbq,263,388,1,63.00
389,77ayi7o6dw,263,389,3,99.00
390,us6tie3xcv,264,390,3,84.00
391,pdoeh6ccnw,265,391,2,84.00
392,ulilij3es7,265,392,2,37.00
393,m8q0j4jfba,266,393,3,70.00
394,31ycsdttiw,267,394,1,99.00
395,9rqtidsu9x,267,395,1,70.00
396,k3ydcvsxe2,268,396,1,90.00
397,n7pipl3uhd,269,397,3,98.00
398,onxka3fxd6,269,398,2,81.00
399,rxhrwpyju1,270,399,1,78.00
400,unz1kvzf1c,270,400,3,52.00
401,getxl8pq8h,271,401,2,44.00
402,jae131cyqa,271,402,1,73.00
403,2c1imlgv5a,272,403,3,21.00
404,zvdhximpcn,273,404,1,16.00
405,k7kmzfuibr,273,405,2,58.00
406,uuptbtkt2c,274,406,2,16.00
407,zunykdrskg,275,407,3,67.00
408,5b0ydpo2yz,276,408,3,10.00
409,shtwzzf6vu,276,409,2,38.00
410,vvu15i7lsf,277,410,3,59.00
411,pqqqhb18fm,277,411,3,79.00
412,m9trca9cy7,278,412,1,86.00
413,vm9aew9zuj,278,413,1,57.00
414,ylv0rigk2z,279,414,1,52.00
415,mslz6hhyhs,280,415,3,36.00
416,snzuzeurwv,280,416,2,86.00
417,mjcznu77r1,281,417,3,55.00
418,dh0vjutgob,281,418,1,89.00
419,trrujonzgi,282,419,2,72.00
420,sjb2ur5gsk,282,420,3,54.00
421,y89pgyhclr,283,421,3,69.00
422,odozolb7pu,284,422,2,5.00
423,e2um2rpmuj,285,423,3,62.00
424,wsjoocyanx,286,424,1,16.00
425,jpwy5ppeej,287,425,3,54.00
426,800cesq3kq,287,426,2,97.00
427,ab9r3iba75,288,427,2,57.00
428,mmyoe6rk7c,289,428,2,53.00
429,hchdyqmrgz,290,429,3,7.00
430,yz4czzobkc,291,430,3,87.00
431,knfi6tjgpa,291,431,1,60.00
432,tvt08a23gy,292,432,2,83.00
433,9bjzbwa5ij,293,433,2,44.00
434,u5whtq8xvg,294,434,2,36.00
435,cc5dt5avg4,295,435,2,9.00
436,2uuehrkoc1,295,436,1,25.00
437,jkagnmkohi,296,437,1,5.00
438,cl7mhy575l,296,438,1,61.00
439,hmc9umcm7x,297,439,2,83.00
440,lvhfbtxq1p,298,440,1,3.00
441,u4hxgjrztb,299,441,1,71.00
442,tbmqqsckxm,299,442,3,23.00
443,y9vm9sgc6m,300,443,3,35.00
444,pcukofmwa2,301,444,1,43.00
445,nrrsdzasel,302,445,3,83.00
446,wdaovdfiwr,303,446,1,3.00
447,kfj9qs8gow,304,447,1,15.00
448,3gjqxnk6zh,304,448,3,33.00
449,jk5z2ean1s,305,449,2,30.00
450,cemyt4l8il,306,450,3,95.00
451,ww6lwubzs6,306,451,2,67.00
452,rojpepfgmv,307,452,2,66.00
453,l9nigp0lm9,307,453,3,45.00
454,wgmnksnxq4,308,454,3,89.00
455,hmy4vkt4ya,309,455,2,33.00
456,wqbqua2thb,310,456,2,57.00
457,sr0afwcjjo,311,457,3,3.00
458,61vxog8kbk,311,458,1,3.00
459,d2sau5p4d2,312,459,1,34.00
460,9lohcowk4l,312,460,1,79.00
461,igycqup37t,313,461,1,36.00
462,wq87b82bkk,313,462,3,38.00
463,0o55bnt6ln,314,463,2,4.00
464,uewy5u44w4,314,464,1,61.00
465,rdjpc2t3hz,315,465,1,74.00
466,bdjxppf5tt,316,466,2,28.00
467,2mrcawx5nu,316,467,1,43.00
468,mr3abpx7rt,317,468,2,8.00
469,whd185o415,318,469,3,17.00
470,rct22fckcc,319,470,1,45.00
471,2ucxr2uhae,319,471,3,13.00
472,dqzwcthbcm,320,472,3,29.00
473,k1ov7xpkre,321,473,2,98.00
474,3qsskjluev,321,474,1,99.00
475,nolx6jbvr8,322,475,3,16.00
476,lkdv8uyqeq,323,476,2,17.00
477,qi9a2ej1ua,324,477,2,94.00
478,eowk0qumb3,325,478,1,4.00
479,s7wp7xgwwe,326,479,2,2.00
480,k86c09hvbp,327,480,1,80.00
481,hg2dulrk9f,327,481,2,53.00
482,pumavl4ogb,328,482,1,38.00
483,vf6ja7a1vw,328,483,3,93.00
484,vmfkbm52er,329,484,3,29.00
485,bf5dzj63wg,329,485,3,21.00
486,cwimfstxl2,330,486,1,78.00
487,7vn1hendjs,331,487,2,27.00
488,yh057r4afp,331,488,3,6.00
489,65ti4paty7,332,489,1,8.00
490,awglou4zeg,333,490,2,53.00
491,y65m1z2alg,334,491,2,7.00
492,8xlqys3dki,335,492,3,57.00
493,dduqdia0cm,336,493,1,14.00
494,sc0d0mjxsk,336,494,2,21.00
495,inw4mgdub6,337,495,2,39.00
496,6arb6bjwre,338,496,2,47.00
497,khjmwotxwy,338,497,1,92.00
498,52p7m1m9ob,339,498,3,49.00
499,v7kz9qzzpd,339,499,1,31.00
500,1dc5nhb1om,340,500,3,73.00
501,shnmukh3v9,340,501,3,24.00
502,iwphjktujl,341,502,3,41.00
503,iy7vghdhc0,342,503,1,24.00
504,8wngh5c5qy,342,504,2,17.00
505,syqfrtmhlu,343,505,3,10.00
506,bcom09kabj,344,506,1,98.00
507,qigdfvxdjy,344,507,1,82.00
508,hf2iu69or4,345,508,2,38.00
509,xqssjqt4g0,346,509,3,19.00
510,wllmgdorn9,347,510,2,40.00
511,el6ome5glf,348,511,2,68.00
512,hayrczmlzv,348,512,1,79.00
513,nivenpima4,349,513,3,35.00
514,0rvs88bwyu,350,514,2,39.00
515,s1qxk0nyeo,350,515,1,83.00
516,ur9wqwf0e9,351,516,2,53.00
517,mnsa2dui7f,352,517,3,23.00
518,mi9izuxmji,352,518,2,43.00
519,1fzzmrntkh,353,519,1,10.00
520,iff7k3fl8l,353,520,2,49.00
521,uas7xzugu4,354,521,2,48.00
522,vnk8d2ditx,354,522,1,57.00
523,3nnge9dyei,355,523,1,76.00
524,9n7emddiew,355,524,3,76.00
525,npxk8kixa0,356,525,3,95.00
526,czj1plkq4t,356,526,2,34.00
527,7v96axmuol,357,527,2,59.00
528,ccvzj2zp7q,358,528,3,8.00
529,polvxg0sdx,359,529,3,68.00
530,opwk6djv3g,359,530,2,35.00
531,joxygymnr3,360,531,3,49.00
532,khneiiludv,361,532,3,1.00
533,b5ykxwxqr2,361,533,2,45.00
534,wfebb9mfkt,362,534,1,62.00
535,ayhltjeam1,362,535,1,62.00
536,64sms8yisf,363,536,2,8.00
537,bdotw083m1,363,537,2,23.00
538,4nnsgajgli,364,538,2,25.00
539,hguo4cdkvz,365,539,1,64.00
540,l8sj0kcbsb,365,540,1,80.00
541,dv04ihvbz2,366,541,3,22.00
542,tclmfqa9ic,367,542,1,23.00
543,axbbnqq6xq,368,543,3,0.00
544,kjubpt2h5c,368,544,1,18.00
545,tc565mxxwk,369,545,3,18.00
546,brnubeoiec,369,546,2,72.00
547,c5vbaa2wx0,370,547,3,3.00
548,8w49fgcwpi,370,548,3,17.00
549,f4rhvciwcj,371,549,3,90.00
550,a8d9c84cpj,371,550,2,23.00
551,kwmadgsawh,372,551,1,43.00
552,6ovfpezhmz,372,552,2,99.00
553,wcu3t0m9rg,373,553,3,56.00
554,yfggr4cwoe,373,554,1,49.00
555,hxypy2zqrp,374,555,2,6.00
556,sh0kg64nhe,374,556,2,92.00
557,mthgj6gjfp,375,557,2,60.00
558,zzaq8ussfq,375,558,1,1.00
559,ouhnqmn8ux,376,559,3,19.00
560,hmwzwiypce,376,560,2,37.00
561,d9k58h5isv,377,561,1,49.00
562,rimyqnkhui,378,562,1,84.00
563,nfqkn1woyk,378,563,2,59.00
564,oqmsqfnelj,379,564,2,20.00
565,ow1iogamtb,380,565,2,83.00
566,odhijc6t5y,381,566,2,57.00
567,me18tbwkdc,382,567,2,50.00
568,xzmns9eq2c,383,568,3,16.00
569,9nzd0c17tj,384,569,3,11.00
570,uyk5jdpmaa,385,570,3,30.00
571,dwyvtijrxg,385,571,1,7.00
572,eulql5r1ka,386,572,3,80.00
573,xqadlmvvvr,386,573,2,28.00
574,36on77mdqu,387,574,3,99.00
575,31aj9g4byw,387,575,1,73.00
576,3ppjalr7vh,388,576,3,50.00
577,65natbodxr,389,577,2,83.00
578,sc0v3akhxr,389,578,2,78.00
579,qiw8hkfs85,390,579,1,12.00
580,gx1z3ucwxj,390,580,2,48.00
581,lxbp7t1aop,391,581,2,82.00
582,cnprx1vmq3,391,582,1,82.00
583,nfwwqyryxd,392,583,2,29.00
584,w4m4qjur3m,392,584,2,21.00
585,yzhasvct7o,393,585,2,14.00
586,v7afhrirfl,393,586,2,82.00
587,yiq6sfmzqz,394,587,3,62.00
588,d0jwwawr1w,394,588,1,63.00
589,u4af8cjbmi,395,589,1,69.00
590,g6wtj8iu1i,396,590,2,59.00
591,tp1y4auobh,396,591,3,37.00
592,r24il5xrcp,397,592,1,13.00
593,cu6k9c1fix,397,593,3,10.00
594,zw1h9ssp5i,398,594,1,58.00
595,okp8rgndvu,398,595,2,71.00
596,vmz0olysfc,399,596,1,55.00
597,ctzhqz3q9y,399,597,2,68.00
598,3jlibwmnjv,400,598,2,77.00
599,6rek9jaqwy,400,599,3,83.00
600,hu27bzeilm,401,600,2,15.00
601,ihhv8shwyt,402,601,2,53.00
602,0onpdvexwh,402,602,3,62.00
603,5ldxygd9wh,403,603,3,35.00
604,gkmx4belmb,404,604,3,51.00
605,et34qgrawy,404,605,2,68.00
606,ob6tjparu6,405,606,1,48.00
607,wl18kku0qc,405,607,1,39.00
608,xufrmfzn1c,406,608,1,39.00
609,bfky1ivxiq,407,609,1,17.00
610,k8yca7c9b2,407,610,1,22.00
611,epr6sinv0r,408,611,1,9.00
612,ughip6lvxl,408,612,2,27.00
613,tuxckng4dx,409,613,3,96.00
614,wbtggwdtw3,409,614,2,20.00
615,jwwtjysgj0,410,615,1,54.00
616,uodrfmyfs2,410,616,3,8.00
617,8z8brrgcp6,411,617,2,3.00
618,jivud99j3b,412,618,1,31.00
619,v6sr7pyfgn,413,619,1,19.00
620,nvgsezdmws,413,620,2,59.00
621,ymyvxo1rub,414,621,1,3.00
622,pnuzqxhvk3,415,622,3,48.00
623,qgc8l0j1zj,415,623,3,3.00
624,kbgqwel68g,416,624,1,43.00
625,df7e5nforl,417,625,3,10.00
626,ji23lwxzhf,418,626,2,60.00
627,0mric7joex,419,627,1,76.00
628,rqc2di3m7o,420,628,1,69.00
629,cx9w8vh2in,421,629,3,35.00
630,rtag0pg04t,421,630,1,36.00
631,xs5ry1cehr,422,631,3,70.00
632,eagksvcmd1,422,632,3,12.00
633,pqor25weuo,423,633,2,51.00
634,jh7efq99c4,423,634,2,4.00
635,8hgt1k1ezr,424,635,1,1.00
636,jb91a0zxm8,425,636,3,25.00
637,szffpdpxwb,426,637,2,47.00
638,rhqaeg99vl,427,638,3,21.00
639,nkjy64vhxx,428,639,3,80.00
640,ehrniuzc5z,429,640,2,9.00
641,5lzcglvz5q,429,641,1,34.00
642,anemc23qun,430,642,3,83.00
643,drqfwpwqth,430,643,1,26.00
644,y1y8snkia7,431,644,1,53.00
645,kynxnjznsq,432,645,2,70.00
646,uvsgo8qcos,433,646,1,33.00
647,vc18enrnfe,434,647,1,15.00
648,k8vufg8fua,435,648,3,59.00
649,wq13fzsios,435,649,3,57.00
650,3e680iskyl,436,650,1,16.00
651,4tqb5wkdss,437,651,1,99.00
652,rilc9ffrrl,438,652,3,18.00
653,uf9ezpawn7,439,653,3,51.00
654,j15zabstuu,440,654,1,92.00
655,lngw6k5mou,440,655,1,52.00
656,3o2fitpjcz,441,656,3,56.00
657,wl5xjszevw,442,657,2,32.00
658,jcofgtnpve,443,658,1,91.00
659,bd7idweqbh,443,659,2,3.00
660,amq5ho3xt1,444,660,3,19.00
661,5z4qf6gefg,444,661,3,22.00
662,h5w5zzf05s,445,662,1,98.00
663,1we8h8w6zd,445,663,1,87.00
664,3gc9kzeroi,446,664,2,23.00
665,5scv3peqv0,446,665,3,88.00
666,4jl9axf1nw,447,666,1,1.00
667,i3itee98kp,448,667,1,24.00
668,mythigfkpj,448,668,1,87.00
669,lzc2bofgt8,449,669,3,41.00
670,dpbwrt4cun,450,670,3,42.00
671,bj06songgp,451,671,1,12.00
672,cu2xw2ldo2,451,672,1,39.00
673,g9b2d7zp36,452,673,1,81.00
674,pw8idiitat,453,674,2,70.00
675,uv0ynpmqsg,454,675,1,65.00
676,tgwm0txdgd,454,676,3,88.00
677,pdliit2yxc,455,677,1,48.00
678,l4196adfby,455,678,1,85.00
679,pff4bza77g,456,679,1,12.00
680,cl2ziuzrdl,456,680,2,80.00
681,6tfijqzap2,457,681,2,39.00
682,8vhivsgz0t,457,682,3,37.00
683,fxihbfp0zn,458,683,2,40.00
684,jzvmccdxql,458,684,1,0.00
685,lpy4ebspun,459,685,1,0.00
686,5ydknkxjku,460,686,3,44.00
687,d6lgdnle0n,460,687,1,20.00
688,hlt9rmf41r,461,688,1,65.00
689,lxvpj898sb,461,689,2,21.00
690,eedsekxu7v,462,690,2,11.00
691,optadsk4bg,463,691,1,74.00
692,37rewxcbv0,464,692,1,98.00
693,2kco2octes,464,693,1,97.00
694,o9051msnqm,465,694,2,42.00
695,mzj9pyu0go,466,695,1,10.00
696,1bayckqlcu,467,696,2,66.00
697,ss7qp8c0bi,467,697,1,59.00
698,n24smrcyn2,468,698,1,93.00
699,3b8sngjroh,469,699,3,20.00
700,wlapeoj09f,469,700,2,66.00
701,3mj6kxkvbx,470,701,1,48.00
702,pwijf41qgn,470,702,1,12.00
703,hbah8wvzrv,471,703,2,32.00
704,kf4xve7k8n,472,704,3,84.00
705,tapuxmowps,473,705,3,23.00
706,3l7jsjymje,473,706,2,13.00
707,l8uszt4w83,474,707,1,19.00
708,iji9ukxy3l,474,708,3,3.00
709,ofmv7l24wu,475,709,2,66.00
710,zbtm2ibno3,475,710,1,51.00
711,yzrnilhiop,476,711,1,91.00
712,ut5c7myvfw,477,712,3,34.00
713,lecynj21i4,477,713,1,15.00
714,5apesxgbjt,478,714,3,60.00
715,skugaphfoa,479,715,2,21.00
716,ujflisluya,479,716,3,88.00
717,ul1tisuju1,480,717,3,76.00
718,gjsoniyi8u,480,718,2,26.00
719,n7389ozap9,481,719,2,31.00
720,aw7a6rpfhg,481,720,3,88.00
721,mx3idz1gwk,482,721,2,28.00
722,0k4xtjypeo,482,722,3,79.00
723,kk6dmd3qft,483,723,2,91.00
724,rch5zaokjd,483,724,1,91.00
725,uisjsg2iyo,484,725,3,33.00
726,lxur1thaxf,485,726,2,31.00
727,p8uy5krvn9,486,727,1,25.00
728,mkqvr79nu8,486,728,1,59.00
729,s44hb1cghc,487,729,3,84.00
730,hgqmpe3pgb,487,730,3,44.00
731,pj1zy2us3o,488,731,1,59.00
732,w6wyauz9of,488,732,2,91.00
733,fgmpa4ycex,489,733,1,13.00
734,ytej7viehd,490,734,1,26.00
735,8fz0mocml4,490,735,1,51.00
736,vuyalfy6le,491,736,2,40.00
737,lq3pm9zr2h,492,737,2,0.00
738,dsfmifn50m,493,738,1,27.00
739,xyrkzhglch,493,739,2,36.00
740,9bfxzoapdc,494,740,3,23.00
741,subknn86j5,495,741,3,84.00
742,va0pc0zsu9,495,742,2,80.00
743,bxy1jrefrz,496,743,1,34.00
744,96p4nqfpk7,496,744,1,30.00
745,xe2rowok7d,497,745,1,93.00
746,k6bh62vmvl,497,746,3,38.00
747,59ccvewj4z,498,747,3,13.00
748,wx70jdgxgz,498,748,1,11.00
749,6yj6yspjhe,499,749,1,34.00
750,oruiu8rc0h,499,750,2,70.00
751,iwqacqs3xo,500,751,3,73.00
752,5qjtti8w6f,501,752,3,59.00
753,n6oecvirtv,502,753,3,64.00
754,3btr1pu6zj,502,754,1,6.00
755,f1pe0c2itq,503,755,3,38.00
756,wk69e6h50t,503,756,1,95.00
757,fa8ieikno9,504,757,1,24.00
758,uvj3bi0169,505,758,1,63.00
759,8521aeulrv,506,759,1,84.00
760,oyanqyzw9x,506,760,2,46.00
761,gjjexwklao,507,761,1,13.00
762,r5crjz0cry,507,762,1,3.00
763,lwtfpasjvx,508,763,2,2.00
764,becivhtys6,508,764,2,51.00
765,kqdb8he330,509,765,3,25.00
766,c4y6r51n4h,509,766,3,33.00
767,4oih0zmeaa,510,767,3,83.00
768,bvsfq5ixpy,510,768,3,42.00
769,22nuytxigx,511,769,3,58.00
770,m9mldw4rev,511,770,3,99.00
771,t9jnhbpkzk,512,771,2,71.00
772,clljd41zse,513,772,2,42.00
773,9is6j8pmey,514,773,3,80.00
774,xeaefycw2a,515,774,1,46.00
775,wsiea00wkw,516,775,3,94.00
776,e7wfjoddqn,516,776,3,66.00
777,vtoqblveor,517,777,2,41.00
778,gjrioixms7,517,778,1,50.00
779,0ohiixlto3,518,779,3,7.00
780,67bnl4zh9c,518,780,3,22.00
781,0opacgcvbg,519,781,2,39.00
782,ecuz8brbcx,520,782,3,80.00
783,xyvcc6sokw,521,783,3,50.00
784,cif7o71nwp,522,784,2,15.00
785,0mzacyixsh,523,785,3,66.00
786,kv4tar5v9i,524,786,2,76.00
787,flxsqhz0x0,524,787,3,77.00
788,g15xtitdxs,525,788,3,73.00
789,lpxkoxgapq,526,789,2,47.00
790,zm3ekkodie,527,790,3,44.00
791,aaj7fgfvqi,527,791,3,47.00
792,3c96r5p83v,528,792,1,10.00
793,hoz7r2rhl4,528,793,1,12.00
794,oaxsen2kpg,529,794,1,74.00
795,0mlhsakh4i,530,795,3,5.00
796,nm8kwsmmzt,531,796,2,18.00
797,nt395s5ymq,532,797,3,44.00
798,ou07xhbkr4,533,798,2,2.00
799,g5rvipkn6g,534,799,3,47.00
800,ezio4xckpq,534,800,2,4.00
801,kydbby56cz,535,801,3,91.00
802,lrgcvi8sdo,536,802,1,89.00
803,prxjl3gbq3,537,803,1,39.00
804,jdy28qzjb3,538,804,3,76.00
805,l5vfglmkdv,539,805,1,83.00
806,gbtzuc5lac,540,806,2,89.00
807,yvyak37hyu,541,807,1,1.00
808,8umskkb2bp,541,808,3,70.00
809,kno9jahd4c,542,809,3,97.00
810,tyf4zf0xfq,542,810,2,65.00
811,rc4vb5tjms,543,811,2,99.00
812,9xqb7m84qu,543,812,3,60.00
813,31yrpeppbk,544,813,2,21.00
814,mwrmu5hqp9,545,814,2,91.00
815,4btv6jemcq,546,815,1,45.00
816,7zcr1e7eya,546,816,1,25.00
817,0iymasp0rq,547,817,1,2.00
818,3eo0pxphgh,548,818,1,34.00
819,74he6diibc,548,819,3,78.00
820,lezfwqlniw,549,820,1,13.00
821,bhgogeawo0,549,821,2,79.00
822,9sqbbxxszd,550,822,1,49.00
823,u3zzc3iu3a,551,823,1,8.00
824,4c9eqamfdw,551,824,3,18.00
825,5hf5qpqitw,552,825,2,19.00
826,ccjvhetgeg,552,826,1,48.00
827,bz3sb5kjna,553,827,3,93.00
828,iaba28gpqj,553,828,1,65.00
829,mdntksipa7,554,829,3,1.00
830,qoiwdct7cd,555,830,1,71.00
831,hisiy696w7,556,831,3,54.00
832,vz0iyrh9xw,556,832,2,5.00
833,gpuabtzznk,557,833,3,41.00
834,iyjmo8o1ih,558,834,2,13.00
835,aamrcbxhfo,559,835,3,34.00
836,a8ovaikpnm,559,836,2,21.00
837,puu8lvpgne,560,837,1,24.00
838,y0s2h5vpwq,561,838,2,7.00
839,qorqjvtg3b,561,839,1,92.00
840,vfjljwpxag,562,840,2,8.00
841,uqjlg85f31,562,841,2,70.00
842,ooyroxhz2j,563,842,3,41.00
843,2poyjwtj55,563,843,2,1.00
844,z1bqvl8rc1,564,844,3,82.00
845,qllmd9rioe,564,845,3,37.00
846,gbgd5qcyrf,565,846,1,71.00
847,5umwawhfrn,566,847,3,69.00
848,g5cnbaiyzm,567,848,3,65.00
849,mp53oyr36c,568,849,1,0.00
850,96hssulma6,568,850,2,95.00
851,5lfmik8y8c,569,851,1,66.00
852,qwih1pwq4p,569,852,3,97.00
853,b3cmsewtlg,570,853,1,70.00
854,4my53oaonp,570,854,3,97.00
855,1fyz12pfff,571,855,1,85.00
856,p6cl3y5ykt,571,856,1,56.00
857,rizlvhmyul,572,857,3,0.00
858,flhzhpvtfw,572,858,1,63.00
859,dgfnuoje9h,573,859,1,38.00
860,9cpsanzzul,573,860,2,67.00
861,5zmkj7wj5p,574,861,2,69.00
862,zk7djhgbyi,575,862,2,57.00
863,ksduc1o1sv,575,863,2,32.00
864,jfekyqjbjz,576,864,3,22.00
865,p8ig9zwb0y,577,865,3,82.00
866,llx0izb5kv,578,866,1,7.00
867,6pai2s51j7,578,867,1,36.00
868,yxl4i2k63i,579,868,3,71.00
869,i5hru3wiio,580,869,2,49.00
870,d7thpvfdy5,581,870,1,86.00
871,xc8kojzdg0,582,871,3,19.00
872,ebi3dq5rre,582,872,2,75.00
873,8jcbaqky2d,583,873,3,64.00
874,gigiiobj2s,584,874,1,13.00
875,vb2ujjgaft,585,875,2,53.00
876,iceiqcznez,585,876,3,81.00
877,mbuzfzef4j,586,877,1,39.00
878,x2hzp7zsvj,587,878,1,45.00
879,978hstw34p,587,879,2,18.00
880,d6kyopkjzn,588,880,3,50.00
881,ehxfgeug1h,588,881,2,48.00
882,y4l9qdezwt,589,882,1,48.00
883,zsvzl0b09h,589,883,2,72.00
884,kvq65wq7np,590,884,1,18.00
885,ofbazvyeqs,591,885,2,83.00
886,e7qfx3kwog,591,886,2,53.00
887,hifnfr6mpq,592,887,1,23.00
888,lyonh5wpzy,593,888,2,54.00
889,nf3vt20n0d,594,889,1,23.00
890,8qbyfxfhg6,595,890,1,73.00
891,zca83dyabp,595,891,2,3.00
892,rz31fobgnj,596,892,3,5.00
893,b7kjyzsyps,596,893,1,74.00
894,j2akunzdsh,597,894,2,86.00
895,9i96tyjhxx,597,895,3,84.00
896,sua04uzngv,598,896,1,4.00
897,yx093moo4k,599,897,1,78.00
898,z3kakubho0,599,898,3,8.00
899,bggwtbjwhk,600,899,1,83.00
900,ddq80mgdcf,600,900,3,95.00
901,krk9mgns7u,601,901,3,94.00
902,1gevnzi9qd,601,902,2,18.00
903,1x7wofubqn,602,903,3,25.00
904,tfip2hac0f,603,904,1,83.00
905,ocoy6h73pm,603,905,1,7.00
906,18ciozxwmf,604,906,3,39.00
907,sdpx24amcg,604,907,3,24.00
908,ekzgnpgsy9,605,908,1,55.00
909,6zkutq1ruq,605,909,2,91.00
910,w3n5fhz3it,606,910,2,63.00
911,2ajeoecban,607,911,3,57.00
912,hoomoe5tfy,608,912,2,18.00
913,uugp0t2cvm,608,913,3,81.00
914,j8wahowtgm,609,914,1,94.00
915,wm9wva2bfi,610,915,2,31.00
916,oh78nrb7vw,610,916,3,71.00
917,y7d5cnxglb,611,917,3,70.00
918,hessmwhpmo,612,918,3,93.00
919,o7q3m0effd,613,919,2,21.00
920,w6evijx62n,613,920,2,3.00
921,yur10j9yj5,614,921,1,74.00
922,xykrrypyqc,615,922,2,48.00
923,hy28mbupns,616,923,3,31.00
924,pbnfi2ctzu,617,924,1,58.00
925,dvnpscdyez,617,925,2,91.00
926,ngcrjk6hqi,618,926,1,95.00
927,u8oyss6u10,619,927,3,83.00
928,qwlcji8shd,620,928,1,20.00
929,ogqqd8bjcs,621,929,3,60.00
930,zt7blfy5mj,622,930,3,56.00
931,7cqkttnp37,622,931,3,37.00
932,2lathilshs,623,932,2,54.00
933,lvho7kb8np,624,933,2,86.00
934,urdmodhwlt,624,934,3,13.00
935,f429zwtqfd,625,935,3,20.00
936,sxvkmlc6fe,625,936,1,46.00
937,gj33s7m2sc,626,937,3,8.00
938,cmytv8zkp9,626,938,2,74.00
939,yct6t8q8lg,627,939,1,93.00
940,ykhd5ufvz2,628,940,2,78.00
941,ef7swpyrqt,628,941,1,91.00
942,uuwriys3zc,629,942,2,99.00
943,i04z678u7p,629,943,3,55.00
944,98meuvrv3t,630,944,3,28.00
945,ifuo45ch5b,631,945,1,28.00
946,ibrlfpeyrt,632,946,3,27.00
947,psnudwxwon,632,947,1,10.00
948,fczxqotklq,633,948,2,1.00
949,eylf4jbh6a,633,949,1,63.00
950,igux800eyt,634,950,2,5.00
951,qvr762yscq,634,951,3,30.00
952,58elrgcwxi,635,952,3,93.00
953,zzf7z2zevs,635,953,1,25.00
954,wrz0mwm99c,636,954,3,78.00
955,c0yhyhyfsy,636,955,1,34.00
956,js9auyaj0q,637,956,3,98.00
957,cfcq9ub9uk,637,957,2,40.00
958,qkhfova4au,638,958,3,60.00
959,jo7anvvzq3,638,959,3,76.00
960,uf7z08tky8,639,960,3,31.00
961,fi2wpi2gjh,640,961,1,75.00
962,4r9d7lywb3,640,962,2,51.00
963,jzrmvvoidy,641,963,3,69.00
964,wxqsae1pua,641,964,3,63.00
965,rtlkoi6us3,642,965,1,38.00
966,hf5b7zajjw,643,966,2,94.00
967,omwzbgz1yz,643,967,1,29.00
968,v8hr6wvd2d,644,968,2,50.00
969,tpihqj3ese,645,969,1,90.00
970,myepmbbi3f,646,970,1,53.00
971,cbtvap033g,646,971,2,88.00
972,xcfbrdm5zg,647,972,2,51.00
973,cpxn5r1sww,647,973,1,55.00
974,e6iqigj5sd,648,974,2,0.00
975,aklaeez18t,648,975,3,58.00
976,adsprxx0w9,649,976,2,69.00
977,grcmrfkf17,649,977,3,53.00
978,oxqw4oh1gp,650,978,2,31.00
979,3zuxuhxbxx,651,979,2,35.00
980,ofilrazo41,651,980,1,21.00
981,7gdom0ivuw,652,981,3,70.00
982,5u1ndwqwsi,652,982,2,62.00
983,3c9fhumzwf,653,983,3,25.00
984,hzmtkqrf4h,653,984,3,95.00
985,dg5ioxzwjj,654,985,3,47.00
986,v09rejgczg,655,986,2,97.00
987,qznrz6gmdh,656,987,1,54.00
988,9ocy2tfnmg,656,988,2,26.00
989,ayktk0thid,657,989,3,3.00
990,jbiok25bav,657,990,3,40.00
991,l7f82fzzxy,658,991,3,53.00
992,njbp46pwn0,658,992,3,15.00
993,myzxzt4s3o,659,993,3,96.00
994,ftbaj0kjvl,660,994,1,31.00
995,m6neiwyff5,661,995,1,88.00
996,v6alkf66ho,662,996,2,85.00
997,vlwghhlypa,663,997,3,26.00
998,50rhmkvysw,663,998,3,81.00
999,uodddpvhrc,664,999,2,81.00
1000,bkl4qodb02,664,1000,1,72.00
1001,wuxwuspetd,665,1001,2,94.00
1002,fv96fpol7y,666,1002,2,19.00
1003,dtd6cdqjbx,666,1003,1,30.00
1004,grbcyldowt,667,1004,2,98.00
1005,01ylevy6ue,667,1005,1,44.00
1006,xsl62vmwhq,668,1006,3,46.00
1007,ffdqv79nhh,668,1007,1,59.00
1008,7dafkfxv7t,669,1008,3,66.00
1009,yihjp4jmqn,670,1009,3,74.00
1010,dqu1ozm0u8,671,1010,1,81.00
1011,4z3ug3a0tx,671,1011,3,71.00
1012,4bdyptkjxr,672,1012,1,13.00
1013,ttkuy3eybp,672,1013,3,5.00
1014,4hixzoybrb,673,1014,2,23.00
1015,0gofozoqo9,673,1015,3,16.00
1016,uxapmtxhwp,674,1016,2,75.00
1017,e23whezxpt,674,1017,3,42.00
1018,aywgnq068v,675,1018,3,82.00
1019,eha4grmhv8,675,1019,2,87.00
1020,hrwxtpkr9i,676,1020,2,0.00
1021,s6k8p9xjb4,677,1021,3,16.00
1022,5ovtuf2ihj,678,1022,1,81.00
1023,pht6o3el5x,678,1023,2,46.00
1024,ezbjdndo2b,679,1024,1,51.00
1025,zht24bk6rm,679,1025,3,68.00
1026,62fmc254ih,680,1026,1,95.00
1027,x9g4ppczu0,680,1027,2,19.00
1028,6jznwaj4ws,681,1028,3,39.00
1029,k3zzhonwrk,682,1029,2,55.00
1030,4mstdmufk1,683,1030,3,17.00
1031,jusipz49ii,683,1031,1,98.00
1032,nrxae0af91,684,1032,1,10.00
1033,ksvuaqwvsr,685,1033,2,52.00
1034,h95ew6qlwy,685,1034,3,32.00
1035,gwjliqwnty,686,1035,2,76.00
1036,ggih0krjye,686,1036,1,62.00
1037,8w6zslord2,687,1037,2,91.00
1038,lw1hv3d0qf,688,1038,2,77.00
1039,fgspzwwowq,688,1039,3,68.00
1040,h7vrfcays3,689,1040,1,16.00
1041,1pr8mjwnq2,690,1041,3,87.00
1042,rghdnx7vxj,690,1042,1,68.00
1043,cnw0f4cyib,691,1043,3,47.00
1044,zrjckdnvw1,691,1044,3,57.00
1045,sncb4kgovz,692,1045,2,5.00
1046,7hcc9hxxwm,692,1046,3,14.00
1047,qycnggakt1,693,1047,2,47.00
1048,suvfs6gytb,693,1048,2,74.00
1049,3htcxr35xv,694,1049,1,90.00
1050,gpasbq5xcg,695,1050,2,81.00
1051,yfr1gsg8j4,695,1051,1,14.00
1052,pjnk13v1bu,696,1052,3,39.00
1053,8dmp12r1by,697,1053,1,51.00
1054,xovjrtqrcu,698,1054,1,8.00
1055,atuok5mihr,699,1055,3,14.00
1056,wqc529fvqr,699,1056,2,76.00
1057,vvsrhntcr3,700,1057,3,28.00
1058,nkwhablqvf,701,1058,2,52.00
1059,hywmlfjado,701,1059,2,87.00
1060,zpd5m3ty1i,702,1060,1,5.00
1061,xjapf1b9x1,703,1061,1,10.00
1062,ugdy45lthf,703,1062,2,73.00
1063,p0zxavt7jh,704,1063,2,36.00
1064,5jefi9lhg1,704,1064,3,69.00
1065,haafskagm7,705,1065,1,62.00
1066,bq4movlj5s,706,1066,3,64.00
1067,k7rzq70oi8,706,1067,1,91.00
1068,wb6wtt746i,707,1068,2,17.00
1069,ckaxkvc5mx,707,1069,1,12.00
1070,lzlrdmpvww,708,1070,3,18.00
1071,4f5o81ujd8,708,1071,3,95.00
1072,emw4jro3lj,709,1072,1,33.00
1073,tffmoqt124,710,1073,2,95.00
1074,xepmvot98o,711,1074,3,74.00
1075,j47l4vgsrg,711,1075,3,35.00
1076,7gzv2vsnbe,712,1076,1,88.00
1077,7j5qffqota,713,1077,1,10.00
1078,g9kxm1kekt,713,1078,3,82.00
1079,7zyu20ypwy,714,1079,3,69.00
1080,jj5gthdcbq,715,1080,2,4.00
1081,f1jlgsga2m,715,1081,2,0.00
1082,pq6xfi7cue,716,1082,2,83.00
1083,7qlpxkda0x,716,1083,2,11.00
1084,9cggndkzma,717,1084,3,5.00
1085,asvb5ddfu0,718,1085,1,94.00
1086,uprtpnhgzk,718,1086,2,71.00
1087,rzueg4ylzo,719,1087,2,50.00
1088,wgntpejqc7,719,1088,2,2.00
1089,3ktsv5d3zu,720,1089,3,3.00
1090,6g3wsnjsgp,720,1090,2,67.00
1091,6ixrvgidox,721,1091,1,28.00
1092,lrjmhzmpxq,721,1092,3,34.00
1093,arawrstpgn,722,1093,1,17.00
1094,yj489j6rdx,723,1094,3,73.00
1095,su7ovcwoam,723,1095,2,88.00
1096,wc4faos2mw,724,1096,2,82.00
1097,ba4yydy25j,724,1097,2,14.00
1098,7kjuqgrmx4,725,1098,3,38.00
1099,9dtkhbzrqa,725,1099,2,99.00
1100,u7hcxys5b2,726,1100,3,81.00
1101,phi9s2h67r,726,1101,3,75.00
1102,n0fjginx2n,727,1102,1,50.00
1103,9lplqh8pu2,728,1103,1,78.00
1104,flmtt8i9zq,728,1104,3,77.00
1105,ngtcznn5xc,729,1105,3,28.00
1106,19hcyj7pb5,730,1106,2,17.00
1107,3ubudaoatv,730,1107,1,21.00
1108,r6mqgthugn,731,1108,2,25.00
1109,lqxwupu9hy,731,1109,1,85.00
1110,iydvw9w53t,732,1110,2,53.00
1111,grqjbkukil,733,1111,3,12.00
1112,ff3aidatl5,733,1112,1,45.00
1113,lz1utnpyvh,734,1113,1,1.00
1114,a0pr875oqc,735,1114,2,65.00
1115,5qkrd5i3wu,736,1115,3,98.00
1116,ykunjzzr0t,736,1116,2,63.00
1117,wvcpexf4mb,737,1117,1,9.00
1118,fqfyf1gw53,737,1118,3,79.00
1119,1h9ry8mb48,738,1119,2,19.00
1120,5yz5vur0cc,738,1120,2,82.00
1121,lxaqum4aah,739,1121,3,43.00
1122,ya41tdshqv,739,1122,1,47.00
1123,niwhjilbyi,740,1123,3,96.00
1124,uuy4mgpbyb,741,1124,1,71.00
1125,na6ddvesuj,742,1125,3,32.00
1126,prn704kyhc,743,1126,1,35.00
1127,msavytccy7,744,1127,3,11.00
1128,ehuwf2dzew,745,1128,1,29.00
1129,92kec1zgyh,745,1129,2,27.00
1130,yqf2mwjfx8,746,1130,2,87.00
1131,kwa0hzectp,747,1131,2,22.00
1132,2e3spf3vnc,747,1132,2,98.00
1133,1snt57drsy,748,1133,3,41.00
1134,7o0eo5qlrz,749,1134,2,55.00
1135,omvtjzcdag,749,1135,2,10.00
1136,7ot6o1s6bb,750,1136,2,83.00
1137,evxxwtcq9y,751,1137,2,57.00
1138,skdafsfpqe,752,1138,1,13.00
1139,fz2n06ssml,752,1139,2,65.00
1140,tchczy68eo,753,1140,1,53.00
1141,lekxgry4nz,753,1141,3,36.00
1142,c3hf2ci14l,754,1142,3,86.00
1143,4fhqc71qdi,755,1143,1,71.00
1144,cn2aqp6ykb,755,1144,2,74.00
1145,9yrc0f6iki,756,1145,2,41.00
1146,gj3kaevfse,756,1146,1,88.00
1147,hrdjmhxqad,757,1147,2,76.00
1148,axdd11tc39,758,1148,3,93.00
1149,edg4ie7jto,759,1149,1,31.00
1150,voaps9cs88,759,1150,2,0.00
1151,gi27ttdj7n,760,1151,3,66.00
1152,u1cr5up0rc,760,1152,3,63.00
1153,kujsrerqnh,761,1153,3,21.00
1154,jfsrzfymgj,761,1154,3,63.00
1155,jg0mytlrx8,762,1155,3,3.00
1156,f5gmbv6pf9,762,1156,2,53.00
1157,h5tbzgnsqc,763,1157,3,91.00
1158,cmnl7fb3lh,763,1158,1,45.00
1159,8embpxxhau,764,1159,3,53.00
1160,nzatcoqi1l,765,1160,1,81.00
1161,xwa26kviot,766,1161,3,11.00
1162,u2bdxetdot,766,1162,1,89.00
1163,ipv4rjvehu,767,1163,1,40.00
1164,uzqd0xxcdt,767,1164,3,83.00
1165,jb4vg8tnby,768,1165,3,58.00
1166,jdjad0oaxz,768,1166,2,91.00
1167,90h8orqm93,769,1167,3,80.00
1168,1bhh4isbzc,770,1168,1,77.00
1169,eg0wp4lynb,770,1169,1,49.00
1170,oolpj4tn0u,771,1170,2,40.00
1171,ekg7cqtucx,772,1171,3,51.00
1172,lsnicuvb5x,772,1172,1,19.00
1173,ouumebi0p1,773,1173,2,52.00
1174,388navd6mi,773,1174,2,54.00
1175,923qsbbqcl,774,1175,2,44.00
1176,1morrjlzvs,775,1176,1,19.00
1177,fyywphajg7,776,1177,3,66.00
1178,o5w0bylh21,776,1178,2,43.00
1179,x2yg7ed7g8,777,1179,2,26.00
1180,slif08am3e,777,1180,1,53.00
1181,t432kwr2ou,778,1181,3,37.00
1182,icnd8ausln,779,1182,3,80.00
1183,ll3mdbxqgn,780,1183,1,83.00
1184,3moofbhjqn,780,1184,2,39.00
1185,d7n3tpe9wm,781,1185,1,63.00
1186,6yzuufz3jh,781,1186,1,46.00
1187,b1p1o29mx9,782,1187,2,59.00
1188,s7jxqm9wev,783,1188,2,61.00
1189,enba47di7u,783,1189,1,59.00
1190,jaumtwnexm,784,1190,1,50.00
1191,ixzyj4nuoz,785,1191,1,28.00
1192,jpmmnsk0xs,786,1192,2,12.00
1193,8q6msgwgzm,787,1193,3,27.00
1194,rjsnpoytyf,788,1194,1,59.00
1195,vpszg029hy,788,1195,1,56.00
1196,jkp2fzidfd,789,1196,3,85.00
1197,4x5feisaaf,790,1197,2,3.00
1198,1xqxikw09j,791,1198,3,82.00
1199,s7rv6l0byq,792,1199,3,7.00
1200,ds81kfdmp0,793,1200,3,34.00
1201,o0hs2om4h5,793,1201,1,26.00
1202,0qwrjwfm2g,794,1202,1,1.00
1203,u4nzns8fif,794,1203,2,75.00
1204,0osaraszee,795,1204,3,3.00
1205,7soxcjnfsj,795,1205,1,38.00
1206,0rttkhoo5t,796,1206,1,74.00
1207,g6n7ndbtcq,797,1207,1,52.00
1208,xj57mlmcc8,798,1208,2,9.00
1209,j9w517tnq5,798,1209,1,78.00
1210,qwhufg4j6f,799,1210,3,2.00
1211,3i9cc9gdb0,800,1211,2,1.00
1212,gzrrmeyeg9,801,1212,3,37.00
1213,9rxx6xulvy,802,1213,3,10.00
1214,dco4nem54d,803,1214,1,55.00
1215,4pudgdmpee,804,1215,1,18.00
1216,qhmwewlv3n,805,1216,1,64.00
1217,izp0h0fqr0,805,1217,1,58.00
1218,ih8hawm4v9,806,1218,3,69.00
1219,opkjw10zua,807,1219,3,63.00
1220,nhwvzln7wr,808,1220,1,24.00
1221,twrwqentil,809,1221,1,19.00
1222,tjmj5ztcv7,809,1222,2,73.00
1223,mnocqm6eav,810,1223,2,76.00
1224,tmxylzj3nz,811,1224,3,14.00
1225,q841s5qwqi,811,1225,2,49.00
1226,uhpovq4w0t,812,1226,2,1.00
1227,f90pb4hptz,813,1227,3,95.00
1228,swotru8cel,814,1228,1,40.00
1229,ieojrd0hu2,815,1229,2,91.00
1230,1ko36on6yl,815,1230,1,85.00
1231,cgm7vo7da5,816,1231,1,35.00
1232,tzkhksf78q,816,1232,2,99.00
1233,u6dceefu0c,817,1233,1,73.00
1234,tpug46ui31,817,1234,1,0.00
1235,z3vew5ldyr,818,1235,3,54.00
1236,4indedjr3a,818,1236,1,77.00
1237,m0nauqurmq,819,1237,2,30.00
1238,xgeqhmroyx,820,1238,3,72.00
1239,scw4f87ycd,820,1239,3,60.00
1240,40ltim3ndo,821,1240,3,28.00
1241,vbttyyoc8p,822,1241,1,24.00
1242,lrdcfs0uc9,823,1242,2,38.00
1243,jm0ay7lxto,823,1243,3,35.00
1244,xqvdnekp2z,824,1244,2,19.00
1245,x0pp4jejch,824,1245,2,92.00
1246,4lu5jcqz2p,825,1246,3,69.00
1247,xnqo2xwieq,825,1247,1,76.00
1248,8m7ftyj9je,826,1248,2,18.00
1249,nozjittcqw,827,1249,2,79.00
1250,ovunqar8mz,827,1250,3,98.00
1251,87m9gzvh52,828,1251,1,68.00
1252,ed71amqshu,829,1252,3,40.00
1253,hgqbwad5i1,829,1253,1,97.00
1254,ujqno6tzwv,830,1254,2,10.00
1255,zl7t890myk,831,1255,2,79.00
1256,ocfne71g5r,832,1256,1,17.00
1257,wg98w8kop4,832,1257,1,13.00
1258,qvua8xct5y,833,1258,2,32.00
1259,b1skqqrn3o,833,1259,3,87.00
1260,fgpi79b734,834,1260,1,31.00
1261,ikhv7srlim,835,1261,3,82.00
1262,si0m1g81ps,835,1262,1,21.00
1263,pyaa2cli3b,836,1263,1,81.00
1264,647i5dmgud,837,1264,1,81.00
1265,simpkwm0re,837,1265,2,99.00
1266,f2jl02lgfs,838,1266,3,54.00
1267,fokittagpi,838,1267,2,45.00
1268,srd1yr9nt4,839,1268,3,26.00
1269,z8hfmshk2l,840,1269,3,86.00
1270,yrjqftvwaz,841,1270,1,57.00
1271,ripdth3uqw,842,1271,3,32.00
1272,yawddrokfh,842,1272,2,49.00
1273,1n7dqpu13b,843,1273,3,88.00
1274,mwkpn4anms,844,1274,1,1.00
1275,5zisu6ew9q,845,1275,1,65.00
1276,gqygdkip6f,846,1276,1,8.00
1277,myjpsy9o07,847,1277,3,87.00
1278,b61hcf6ybp,848,1278,3,93.00
1279,uf4asvd2hj,848,1279,2,57.00
1280,hl74sf3zcy,849,1280,1,65.00
1281,9u6fp3fmzu,850,1281,2,35.00
1282,yecscuudcv,850,1282,1,81.00
1283,ks6ogi1da1,851,1283,1,93.00
1284,mwo8c1lane,852,1284,3,74.00
1285,ngywbhkenv,853,1285,1,27.00
1286,fqhyooxnyk,854,1286,2,25.00
1287,xblloxbbi7,854,1287,3,92.00
1288,h2xaloinj1,855,1288,2,55.00
1289,wkora2stny,855,1289,2,3.00
1290,pvgly30sdk,856,1290,1,10.00
1291,dvabyflxbn,856,1291,3,21.00
1292,ozv8y6snic,857,1292,1,79.00
1293,wgeupwqabc,857,1293,1,72.00
1294,tcnaln5gcb,858,1294,2,49.00
1295,pm0ugprym1,859,1295,2,1.00
1296,aiaw7hvpn9,860,1296,1,57.00
1297,um4abuyjoi,861,1297,3,34.00
1298,h8g5xl8smd,861,1298,2,53.00
1299,oc0qg3i1yy,862,1299,3,91.00
1300,bqg40ihbau,863,1300,2,27.00
1301,m1xi5mr9tq,863,1301,3,80.00
1302,rgtj9hoewl,864,1302,1,86.00
1303,svyqptiwjr,865,1303,2,16.00
1304,c9e6fqgfda,866,1304,1,88.00
1305,uva0y6ai8w,866,1305,3,78.00
1306,gufczrggy9,867,1306,1,43.00
1307,6h4wmyvjjb,868,1307,3,38.00
1308,ftixaitlbw,869,1308,3,88.00
1309,ua09nqkoxf,869,1309,2,52.00
1310,khgz6ed9p2,870,1310,2,51.00
1311,ctcnbw4ac9,871,1311,1,15.00
1312,qy7ein2zoc,871,1312,3,26.00
1313,lpeo0umef0,872,1313,1,49.00
1314,ixh66c7su5,872,1314,3,39.00
1315,qpnvrf8qpo,873,1315,3,90.00
1316,tyvyijdkk3,873,1316,3,67.00
1317,gwnv98dlos,874,1317,3,6.00
1318,obfoeazq7d,874,1318,1,42.00
1319,mtbkgdx0kl,875,1319,1,85.00
1320,ff8vhziw3r,875,1320,1,28.00
1321,strb6iumio,876,1321,3,82.00
1322,8f0wmlar1u,876,1322,1,29.00
1323,1bmcmlodee,877,1323,1,38.00
1324,bayvqkm1yx,877,1324,1,39.00
1325,s01gdsxumg,878,1325,1,19.00
1326,7x2hsgti8d,879,1326,2,51.00
1327,wngilpxit1,880,1327,3,44.00
1328,8ytswwdlmw,880,1328,1,39.00
1329,kifn5ji5sb,881,1329,3,77.00
1330,zone0vt9lk,882,1330,1,98.00
1331,ascnlp1lki,882,1331,1,36.00
1332,p0zmuqn6f1,883,1332,1,72.00
1333,jgymruvrdm,884,1333,3,32.00
1334,lezs2nbiib,885,1334,3,3.00
1335,mimvijeajq,885,1335,2,46.00
1336,icdodxvvrx,886,1336,1,88.00
1337,ikmz1uyjf6,887,1337,2,85.00
1338,3kagthfc7z,888,1338,2,61.00
1339,s3jgyf9y5b,889,1339,3,39.00
1340,mx80gxjvmn,890,1340,1,20.00
1341,gpeywb1ijf,891,1341,2,20.00
1342,zypmn6aqel,891,1342,1,89.00
1343,l4lbzycelf,892,1343,3,99.00
1344,bvf216ef4u,892,1344,2,49.00
1345,h29fsacz5l,893,1345,3,92.00
1346,x2cfk3rmyi,893,1346,3,93.00
1347,4r2rjrdh9p,894,1347,3,39.00
1348,i6zdr9zjxu,895,1348,2,83.00
1349,ge8zszri1o,895,1349,2,2.00
1350,9kqdu2iy9j,896,1350,3,22.00
1351,g4yelwepge,896,1351,3,9.00
1352,zp7g0sj3jq,897,1352,2,11.00
1353,rvotbu8i0o,897,1353,3,81.00
1354,u2or2yv9oh,898,1354,3,44.00
1355,tjb9ga99u6,899,1355,2,50.00
1356,358lis7exv,899,1356,2,46.00
1357,9ort6tp4s8,900,1357,3,68.00
1358,28kdmazbvz,900,1358,3,67.00
1359,izs63jxnh9,901,1359,1,7.00
1360,3doso8ama9,902,1360,1,74.00
1361,wma3csdmmj,903,1361,3,51.00
1362,zq8uor1h1c,903,1362,1,54.00
1363,4flshjbovb,904,1363,2,44.00
1364,iy6juuewy7,904,1364,1,88.00
1365,cabrqzd2kk,905,1365,1,64.00
1366,l9o31hljds,905,1366,1,6.00
1367,ara4kbhdat,906,1367,1,8.00
1368,yxuzip1fyy,906,1368,1,33.00
1369,w3h29tyxnb,907,1369,2,92.00
1370,wx68x3stad,908,1370,2,48.00
1371,jew2fgwrod,908,1371,3,30.00
1372,pgd39h9gtz,909,1372,2,80.00
1373,v6hyc7dmtt,909,1373,1,50.00
1374,fiugfbviyz,910,1374,3,31.00
1375,dhkxdm7wsq,911,1375,2,72.00
1376,uhlcuvysop,912,1376,3,5.00
1377,jhcbemg9id,912,1377,3,0.00
1378,chhq35itlf,913,1378,3,77.00
1379,zqjvx6rp8y,914,1379,1,44.00
1380,8zamn2rijr,915,1380,3,62.00
1381,qrveyi05zj,915,1381,3,14.00
1382,0kn8ti9lxz,916,1382,3,96.00
1383,malcrj4uju,917,1383,1,70.00
1384,xqrbbnkfif,917,1384,2,54.00
1385,5lymfrkfxm,918,1385,2,25.00
1386,bwxvfex5gt,918,1386,2,82.00
1387,o6xuxhczr8,919,1387,1,32.00
1388,h0bxs8zua8,919,1388,2,69.00
1389,zqkpo0ijhs,920,1389,1,58.00
1390,kjc2q4iebp,920,1390,3,88.00
1391,ffr45nncd4,921,1391,2,49.00
1392,lruivlp7kv,922,1392,3,19.00
1393,mt8xpt6llv,923,1393,3,75.00
1394,dpyhrfbguh,923,1394,1,2.00
1395,g7cwxycg71,924,1395,3,35.00
1396,bd1l4rowol,925,1396,3,12.00
1397,x3j6fvnmns,926,1397,2,86.00
1398,kxx1n7a3o0,927,1398,1,46.00
1399,xc4oufu7uv,927,1399,1,31.00
1400,lu9iaye9mk,928,1400,2,34.00
1401,4o6o94p7qf,929,1401,1,49.00
1402,jy7dk4fixn,929,1402,1,51.00
1403,zbwyovabix,930,1403,3,3.00
1404,cklorcj90k,930,1404,3,84.00
1405,se3i6p6pu3,931,1405,1,91.00
1406,e6ggolmop3,931,1406,2,85.00
1407,8aodtoqsn8,932,1407,1,47.00
1408,btnbry8zaf,933,1408,2,29.00
1409,piy6t8vu57,933,1409,2,13.00
1410,rbp2xbl2qa,934,1410,1,77.00
1411,b9pjhnrakw,934,1411,2,86.00
1412,pylisznyrs,935,1412,3,86.00
1413,qdywa176i4,935,1413,3,73.00
1414,3gvwflvzey,936,1414,3,71.00
1415,znv7zgsql5,936,1415,2,59.00
1416,j1u03tr2yd,937,1416,1,19.00
1417,milho1knjy,937,1417,2,43.00
1418,umemv0gerr,938,1418,2,97.00
1419,dgurahjagj,939,1419,2,10.00
1420,fbfmpnypx8,939,1420,1,51.00
1421,m0bfsexvyh,940,1421,1,69.00
1422,qq9ifecnu0,940,1422,2,39.00
1423,mgloyxxpym,941,1423,2,34.00
1424,uh8gupmqrq,942,1424,2,75.00
1425,tvhaozve7q,943,1425,1,83.00
1426,zpd43innx3,944,1426,2,46.00
1427,majqn4vps3,945,1427,2,50.00
1428,xq5meyndq5,946,1428,2,76.00
1429,cwua2xvdey,947,1429,2,16.00
1430,1k6cswe2iu,947,1430,1,66.00
1431,pscimf4kyj,948,1431,1,7.00
1432,t0qm5dv3id,948,1432,1,22.00
1433,14wpnkcuv6,949,1433,3,10.00
1434,uqmml8fvmi,949,1434,3,4.00
1435,fseneuf1bi,950,1435,3,43.00
1436,poo90rv99c,950,1436,3,64.00
1437,o050qp3yfh,951,1437,3,0.00
1438,dtpsrdzrel,951,1438,2,35.00
1439,uzsruz83zt,952,1439,2,66.00
1440,qucljlt3ck,953,1440,1,90.00
1441,pvmhlcp47p,954,1441,3,50.00
1442,rvwn4zumrn,954,1442,1,47.00
1443,uuozxm5y6l,955,1443,3,3.00
1444,8bpcqep3xt,956,1444,2,7.00
1445,sieez8vhn8,956,1445,2,34.00
1446,ai4wsaipxk,957,1446,2,76.00
1447,m6k7pioqkr,958,1447,1,43.00
1448,g98wxbwhe5,959,1448,1,94.00
1449,kgc0qqe7q7,959,1449,2,82.00
1450,fk0wpc8z4s,960,1450,2,13.00
1451,emt8sjxibl,960,1451,2,5.00
1452,w3qyoqqc8e,961,1452,3,14.00
1453,1o0xsisdd5,961,1453,3,89.00
1454,dvbd4uy58d,962,1454,1,29.00
1455,yrwapcjykc,962,1455,3,36.00
1456,7qur46a8x6,963,1456,1,41.00
1457,3uzywtfjvs,963,1457,2,72.00
1458,pgnb53jkmh,964,1458,3,25.00
1459,bk0nspzt8w,964,1459,2,29.00
1460,hvfjfw3d4n,965,1460,3,48.00
1461,37eyvxk0rx,965,1461,2,26.00
1462,2ld1sbv8ht,966,1462,1,39.00
1463,bibobyf1rv,967,1463,3,10.00
1464,yb41camd6e,967,1464,3,76.00
1465,z4enbicmol,968,1465,3,59.00
1466,yxx0nm8gjw,968,1466,3,4.00
1467,1m1o97edf7,969,1467,3,27.00
1468,ttxcdpjwvb,970,1468,2,49.00
1469,qcy8aw3rj0,970,1469,1,54.00
1470,ftdm0wpyno,971,1470,1,42.00
1471,l3mq0du4j5,972,1471,2,16.00
1472,6hc98ytkds,973,1472,3,62.00
1473,0fp9hyixqg,974,1473,1,47.00
1474,jsdhxxpgs5,975,1474,2,9.00
1475,l5bbn0woni,975,1475,3,94.00
1476,ias1btnxyi,976,1476,3,71.00
1477,nqkzgcce9u,976,1477,2,21.00
1478,1a7dn04vmy,977,1478,1,17.00
1479,j5cgxbhavk,978,1479,1,96.00
1480,qzpfwq2c6c,979,1480,2,50.00
1481,cnrvgm10kd,980,1481,2,88.00
1482,i4ige8bxcr,981,1482,3,45.00
1483,hay9qc2ezq,982,1483,3,66.00
1484,y6383gvxri,983,1484,2,65.00
1485,2n7wfrpe11,984,1485,2,3.00
1486,smr19w9eol,984,1486,3,43.00
1487,bco6fiopqh,985,1487,3,31.00
1488,ia5grmrvg6,985,1488,1,20.00
1489,teb7q1qqmc,986,1489,1,85.00
1490,lcaqcvhls8,987,1490,3,17.00
1491,cbut6xnmtv,988,1491,2,20.00
1492,2h5lyrwvos,988,1492,3,35.00
1493,jacljt3td3,989,1493,1,27.00
1494,cr9i4mibm5,989,1494,1,61.00
1495,gjhjcvhxxy,990,1495,2,75.00
1496,bpyn3lieps,991,1496,2,25.00
1497,r0mr6xo7qr,991,1497,2,35.00
1498,ihc30bszsn,992,1498,1,78.00
1499,6fdkezdmom,993,1499,3,92.00
1500,oqyefp1m2n,993,1500,1,56.00
1501,oxfiq7njp6,994,1501,2,31.00
1502,fwhrfwktvh,995,1502,3,73.00
1503,cvsl3vdnmk,995,1503,1,81.00
1504,flnkbbgkcf,996,1504,1,12.00
1505,d0zrpixcsv,997,1505,2,39.00
1506,xh23qe27v1,997,1506,1,45.00
1507,z0t4v7ktrs,998,1507,2,58.00
1508,kx5rp0idjp,998,1508,2,79.00
1509,olobadddih,999,1509,1,52.00
1510,jjlgfhfmv9,999,1510,2,63.00
1511,zkaepadeuc,1000,1511,1,35.00
1512,osd6gjoqf8,1000,1512,3,30.00
1513,hdjy2rghev,1001,1513,1,12.00
1514,zegx71kvyl,1001,1514,2,71.00
1515,izav5a0jpa,1002,1515,1,55.00
1516,couqtry1uw,1002,1516,1,83.00
1517,ct3tm0cdxk,1003,1517,2,58.00
1518,mta5cvxtq5,1003,1518,2,71.00
1519,gzpqs4lssu,1004,1519,2,40.00
1520,llr4hudpbz,1005,1520,2,63.00
1521,k8z2g1hs2y,1006,1521,2,46.00
1522,sjudftgwpb,1006,1522,1,8.00
1523,lw8ewarxz4,1007,1523,2,50.00
1524,1r8nwdgr7l,1007,1524,2,66.00
1525,qxa51b9hra,1008,1525,2,27.00
1526,aisj3tud9o,1009,1526,3,90.00
1527,jprhv5jj54,1009,1527,1,84.00
1528,5k5tomzhjh,1010,1528,1,99.00
1529,rmzkfqx8ro,1011,1529,2,30.00
1530,hd1cncgkcu,1011,1530,3,26.00
1531,04xpqe8anl,1012,1531,3,96.00
1532,ppastyx1rb,1013,1532,3,20.00
1533,aora0avqae,1013,1533,3,38.00
1534,0zds7nhcqg,1014,1534,3,12.00
1535,2wz7xazds1,1014,1535,1,42.00
1536,m3tnd334uh,1015,1536,1,54.00
1537,uint1v6kj9,1016,1537,1,73.00
1538,6oefj9inms,1017,1538,1,37.00
1539,ufsttybwdg,1017,1539,3,63.00
1540,yagxszngnn,1018,1540,3,16.00
1541,lzxlgom2ai,1019,1541,2,77.00
1542,noemdbst61,1020,1542,1,38.00
1543,0dnxpkvgb5,1020,1543,3,33.00
1544,hyztiejyop,1021,1544,3,15.00
1545,f1oskdjipd,1021,1545,2,25.00
1546,dict2jswu4,1022,1546,1,38.00
1547,qa43o2fgr4,1023,1547,2,67.00
1548,n6q0rhghnj,1023,1548,2,47.00
1549,djpwrviupd,1024,1549,3,90.00
